n,lo,hi,width,rel_change_vs_prev
500,0.8924583333333334,1.8147499999999994,0.9222916666666661,
1000,0.8690833333333333,1.7752083333333333,0.906125,0.017528800542127257
