groups,p,n1,n2,T2,F,df1,df2,p_value
"[1, 2]",6,3,3,3757.063289971159,-156.54430374879828,6,-1,
