wilks,F,df1,df2,p_value,p,groups,N
6.0932482576256105e-06,67.3520708483708,18,4,0.0004781964614158918,6,4,12
