alternative,credibility_plus,credibility_minus,net,rank
3,0.6321407538280311,0.0,0.6321407538280311,1
4,0.12858546419639608,0.2976115493970085,-0.16902608520061244,2
1,0.06464681263716533,0.24999999999999997,-0.18535318736283463,3
2,0.12380412890231066,0.40156561016689474,-0.2777614812645841,4
