alternative,closeness,rank
3,0.7700811776227047,1
1,0.48317544583020683,2
2,0.27419845608009397,3
4,0.2398853866855742,4
