component,explained_var_pct
PC1,63.5767024481806
PC2,22.350220124698744
PC3,12.235056788719168
PC4,1.300549677982719
PC5,0.4485098502753953
